date,T,Precepitation(mm),Evaporation(m),Skin reservoir content(m),EC,TDS,pH,Ca,Mg,GW-level
10/22/2002,19.9,2.7,-7.05E-05,4.89E-06,585,350,7.7,3,1.3,1053.293611
11/22/2002,12.3,26.5,-0.000112324,2.66E-05,589,354,7.77,3.06,1.31,1053.232556
12/22/2002,7.4,38.5,-0.000143359,4.95E-05,590.0850959,356.7660323,7.816958573,3.070376581,1.317533595,1053.503312
1/22/2003,5.1,24.3,-9.58E-05,1.38E-05,598.4256099,350.7662774,7.786892818,3.031532265,1.278776187,1053.526578
2/22/2003,5.6,11.4,-0.000337037,3.35E-05,606.0053628,349.6009677,7.796718762,3.001814297,1.259394542,1053.698702
3/22/2003,5.8,3,-0.000515775,3.33E-05,613.4003388,347.8759021,7.806718006,2.974379312,1.241007301,1053.68241
4/22/2003,13.6,78.4,-0.000728724,3.82E-05,620.7491629,346.2160376,7.816718003,2.947519034,1.222671195,1054.155463
5/22/2003,22.5,8.9,-0.000855172,7.33E-06,633,344,7.83,2.9,1.2,1054.731968
6/22/2003,24.9,0,-0.000472435,4.85E-07,635.4207072,342.8820043,7.836718003,2.894124605,1.186004379,1054.670976
7/22/2003,27.3,0,-0.00027006,1.06E-08,629.3011799,343.3352521,7.870992646,2.924994348,1.113073281,1054.496327
8/22/2003,28.9,2.5,-0.000184245,4.04E-07,625.1759626,342.7749669,7.895580367,2.949773921,1.061894052,1053.791817
9/22/2003,26,0,-0.000110015,9.57E-08,621.5526353,342.332738,7.920126005,2.973018474,1.01183341,1053.19067
10/22/2003,22,0,-6.26E-05,5.50E-06,618.055614,341.876758,7.944671461,2.995876126,0.961830292,1053.1133
11/22/2003,13.4,6.6,-0.000110267,2.00E-05,614.590379,341.4223796,7.969216915,3.018636261,0.911830131,1052.643447
12/22/2003,4.9,75.7,-6.75E-05,5.20E-05,611.1331435,340.9678147,7.99376237,3.041371817,0.861830123,1052.857161
1/22/2004,4.2,4.7,-0.000157722,3.61E-05,607.677921,340.5132715,8.018307824,3.064101177,0.811830123,1053.070293
2/22/2004,5.8,44.3,-0.000277277,2.18E-05,604.2232052,340.0587258,8.042853279,3.086828976,0.761830123,1052.901814
3/22/2004,7.4,30.2,-0.000506465,2.31E-05,600.7686168,339.6041804,8.067398733,3.109556381,0.711830123,1053.036731
4/22/2004,11.8,56,-0.000811615,3.42E-05,595,339,8.1,3.15,0.65,1052.834364
5/22/2004,17.4,7.9,-0.000854919,1.27E-05,593.8595124,338.6950894,8.116489643,3.155010969,0.611830123,1053.185176
6/22/2004,23.4,13,-0.000531689,2.69E-07,597.4149422,339.3270057,8.019409018,3.219216111,0.691140616,1053.619244
7/22/2004,29.2,0,-0.000330036,3.99E-06,599.9311063,339.4394801,7.970863912,3.279029427,0.718933527,1053.335862
8/22/2004,28.1,0,-0.000183885,3.33E-07,602.1857278,339.6124591,7.922529659,3.337735788,0.744077152,1052.642811
9/22/2004,25.5,0,-0.00010204,1.11E-06,604.3745293,339.7783905,7.874196321,3.396163143,0.769084538,1052.140903
10/22/2004,20.6,1.2,-5.75E-05,1.36E-06,608,340,7.81,3.5,0.8,1052.024247
11/22/2004,12.4,9.3,-3.23E-05,2.94E-05,608.7148349,340.1117995,7.777529655,3.51285948,0.819084938,1052.389801
12/22/2004,6,28.7,-8.06E-05,3.84E-05,616.9093,345.2337927,7.87105127,3.410048392,0.795234308,1052.497192
1/22/2005,4.9,57.1,-0.000122357,3.35E-05,624.2099002,347.986623,7.907964931,3.324298883,0.790845875,1052.867855
2/22/2005,7.5,0.5,-0.000327655,0.000121447,631.2855495,351.0154133,7.944632671,3.242849726,0.787458283,1053.207194
3/22/2005,10.9,16.6,-0.000485462,3.41E-05,638.3045875,354.0120598,7.981299342,3.162484467,0.784122159,1053.100097
4/22/2005,13.1,55.6,-0.000772822,1.96E-05,650,358,8.03,3.02,0.78,1053.110243
5/22/2005,19,4.2,-0.000672969,1.20E-05,652.3105843,360.0124049,8.054632676,3.0023692,0.777455342,1053.53521
6/22/2005,24.6,1.2,-0.000389616,5.42E-07,644.1383523,378.7528556,7.97725909,2.982550385,0.834466905,1053.291839
7/22/2005,27,12.3,-0.000224121,4.85E-07,638.2153023,389.967728,7.945393858,2.956363126,0.86743693,1053.105043
8/22/2005,28.1,0,-0.000154582,1.22E-06,632.8582835,402.0591797,7.913726329,2.928570708,0.899170622,1052.98155
9/22/2005,26.4,0,-8.81E-05,1.70E-07,627.6437126,414.0485274,7.882059659,2.900373712,0.930840735,1052.229209
10/22/2005,20.5,0.5,-4.74E-05,1.58E-06,619,430,7.84,2.85,0.97,1052.618221
11/22/2005,14.6,30.9,-0.000102689,2.19E-05,617.2952897,438.0496236,7.818726325,2.84375007,0.994174255,1052.089309
12/22/2005,5.4,16.4,-7.29E-05,2.02E-05,613.4046091,418.5687497,7.749311143,2.831783136,1.008189014,1052.596069
1/22/2006,4.4,23.8,-5.84E-05,4.87E-05,609.3252149,414.1390017,7.694959702,2.818081868,1.029236331,1053.279042
2/22/2006,3.5,74.5,-0.000134301,4.63E-05,605.1983289,407.9560988,7.640673702,2.803943463,1.050645296,1053.71096
3/22/2006,7.8,41.5,-0.000622123,2.38E-05,601.0594911,401.9774033,7.586387986,2.789694877,1.072072859,1054.257917
4/22/2006,12.4,5.2,-0.000906307,2.09E-05,596.9176455,395.9749218,7.532102272,2.775418521,1.093501379,1053.870275
5/22/2006,19.8,20,-0.00067582,9.48E-06,590,388,7.46,2.75,1.12,1054.232902
6/22/2006,24.5,6.2,-0.00047276,9.92E-08,588.6322498,383.9751771,7.423530844,2.746850046,1.136358519,1054.587728
7/22/2006,29.5,0,-0.000300878,3.42E-06,564.7146365,345.3283314,7.582226228,2.500691856,1.011645707,1054.227396
8/22/2006,28.1,1.3,-0.000178039,1.03E-07,543.7287263,322.2900758,7.6559304,2.279085055,0.945155941,1053.744216
9/22/2006,25.6,1,-0.000107344,2.16E-07,523.4806112,297.4337318,7.729265345,2.063666404,0.881660289,1053.06202
10/22/2006,21.1,0,-5.73E-05,2.64E-05,503.4181704,272.7891588,7.802598685,1.849807469,0.818318608,1053.529324
11/22/2006,12.4,23.2,-0.000132461,2.21E-05,470,240,7.9,1.47,0.74,1053.763996
12/22/2006,7.8,1.5,-0.000103988,2.17E-05,463.3985019,223.4535517,7.949265352,1.422974934,0.69165149,1053.520898
1/22/2007,3.2,46.6,-3.56E-05,1.58E-05,495.5660875,294.3954813,7.939154598,1.658123658,0.783490748,1053.027943
2/22/2007,4.1,63.8,-0.000304126,3.01E-05,520.0001484,319.626566,7.96234264,1.845790904,0.813508907,1053.071033
3/22/2007,10.1,0,-0.000602492,4.94E-05,542.4879832,350.1820491,7.985675342,2.021490498,0.840347924,1053.435876
4/22/2007,15.6,34.9,-0.000740524,5.54E-05,564.486029,380.1173465,8.009008673,2.19417366,0.867023454,1054.213626
5/22/2007,21.3,33,-0.000542299,7.22E-06,601,420,8.04,2.5,0.9,1054.34441
6/22/2007,25.2,0,-0.000387883,3.71E-06,608.2045792,440.1240052,8.055675339,2.537827776,0.920357267,1054.198695
7/22/2007,29.1,1,-0.000229462,3.26E-07,623.5974063,424.6517097,8.017816342,2.703686168,0.987253866,1053.869592
8/22/2007,28.8,0,-0.000155773,3.65E-07,639.9434973,430.9198424,8.004376462,2.870149109,1.038122772,1053.327574
9/22/2007,25.8,0,-8.87E-05,5.78E-07,656.5294876,434.6556503,7.991042665,3.036764427,1.088167455,1052.999669
10/22/2007,21.4,17.8,-0.000105504,2.39E-06,673.1758511,438.6864234,7.97770933,3.203418152,1.138169753,1052.432867
11/22/2007,12.9,29.6,-0.000142024,1.86E-05,701,444,7.96,3.5,1.2,1052.631974
12/22/2007,4.1,7.5,-4.18E-05,2.93E-05,706.5027891,446.6832565,7.951042663,3.536747401,1.238169877,1052.673008
1/22/2008,1.8,29.9,-4.48E-05,0.000110708,696.7730774,441.938516,8.026716356,3.344233178,1.245066379,1052.878395
2/22/2008,3.4,38.5,-0.000241299,7.54E-05,690.9569632,441.3747033,8.066871334,3.189750443,1.269135409,1053.061155
3/22/2008,7.5,27,-0.000410257,9.59E-06,686.1257487,440.3238962,8.106872007,3.044853501,1.294087534,1053.145284
4/22/2008,12.6,53.5,-0.000819193,6.85E-06,681.5423949,439.3298142,8.14687201,2.902372648,1.319085072,1053.514429
5/22/2008,19.5,31.5,-0.000972598,2.99E-06,674,438,8.2,2.65,1.35,1053.798154
6/22/2008,26,0,-0.000552403,1.01E-06,672.516139,437.3292052,8.22687201,2.618782375,1.369084939,1053.875089
7/22/2008,28.1,9,-0.000303007,3.37E-07,677.9912721,432.2483396,8.197335271,2.787745424,1.164199617,1053.737012
8/22/2008,28.1,0,-0.000184029,1.03E-07,681.988336,429.1185588,8.195547528,2.92382626,1.050901108,1053.266902
9/22/2008,25.3,0,-0.000106298,6.45E-07,685.6134275,425.7615157,8.193880335,3.051619171,0.942312442,1052.7377
10/22/2008,18.5,0.5,-5.35E-05,1.05E-05,689.1449082,422.430944,8.192213666,3.177323122,0.833965978,1052.669105
11/22/2008,13.6,9,-6.38E-05,3.70E-05,695,418,8.19,3.4,0.7,1052.589923
12/22/2008,6.5,66.5,-9.94E-05,2.47E-05,696.1548244,415.7639932,8.188880333,3.427545272,0.617298601,1052.70801
1/22/2009,-3.8,46,-1.79E-06,1.44E-05,697.1612108,432.8349365,8.100988109,3.259387447,0.813563317,1052.911721
2/22/2009,-1.3,32.5,-0.000153247,3.84E-05,698.5369875,440.1505132,8.047504642,3.122262981,0.888475508,1053.196438
3/22/2009,10.6,2.5,-0.000606425,1.61E-05,700.0057253,448.6023948,7.994170656,2.992960439,0.957147158,1053.261538
4/22/2009,17.1,7.5,-0.000471533,5.74E-05,701.4978579,456.9219196,7.94083732,2.865629402,1.025497889,1053.32685
5/22/2009,20.5,0,-0.000323288,8.80E-06,704,468,7.87,2.64,1.11,1053.060229
6/22/2009,26,3.5,-0.00025115,4.03E-06,704.4953797,473.5900073,7.834170653,2.612086409,1.162165496,1052.998972
7/22/2009,29,0,-0.00017277,1.06E-08,696.4641704,454.8564591,7.857923763,2.692874085,1.115145662,1052.666755
8/22/2009,28.4,0,-0.00012232,9.39E-07,689.8460887,449.0636855,7.850915127,2.751702585,1.114082779,1052.150719
9/22/2009,26.5,1,-7.50E-05,9.70E-06,683.5836362,441.7635706,7.843772853,2.8049963,1.115383228,1051.626512
10/22/2009,20.4,1.5,-4.29E-05,1.39E-05,677.4106815,434.6390308,7.836629998,2.856894979,1.116805211,1051.443865
11/22/2009,10.9,15.5,-0.000139462,3.05E-05,671.26025,427.4940401,7.829487141,2.90844204,1.118233443,1051.32213
12/22/2009,6.8,34.5,-0.000115211,3.72E-05,661,418,7.82,3,1.12,1051.439303
1/22/2010,3.9,8.5,-9.19E-05,2.38E-05,658.9721499,413.2085454,7.815201427,3.011336576,1.121090568,1051.482631
2/22/2010,7.3,36,-0.000316973,3.31E-05,664.5871447,428.5520421,7.810442686,2.908000388,1.122519139,1051.615574
3/22/2010,10.7,2.5,-0.000460815,2.58E-05,668.4590479,433.1447175,7.804732552,2.821050027,1.123947711,1051.649785
4/22/2010,11.9,33.8,-0.000607941,3.14E-05,671.892283,438.9896484,7.799018284,2.738229694,1.125376282,1051.488564
5/22/2010,18.3,29.5,-0.000642945,1.06E-05,675.2151225,444.6887165,7.793303999,2.656450331,1.126804854,1051.31892
6/22/2010,24.8,2.5,-0.000263528,3.30E-07,678.5101798,450.4047748,7.787589713,2.574933343,1.128233425,1051.045533
7/22/2010,28.6,0,-0.000183596,2.83E-08,684,458,7.78,2.43,1.13,1050.612605
8/22/2010,28.7,0,-0.00011283,2.09E-07,685.0845513,461.8331638,7.776161141,2.412048298,1.131090568,1050.19321
9/22/2010,25.9,7,-0.000115284,9.28E-07,691.2010376,442.5903737,7.859718784,2.547143706,1.08791044,1049.753833
10/22/2010,20.5,1.5,-4.35E-05,2.26E-06,696.8977575,435.2796671,7.907652,2.65931369,1.062502515,1049.582752
11/22/2010,14.3,12.5,-0.000213404,1.77E-05,702.4888386,426.5791115,7.955430453,2.765705348,1.038008524,1049.533561
12/22/2010,6.1,13,-0.000112072,1.21E-05,708.0533345,418.0404456,8.003208234,2.870640585,1.013561531,1049.7191
1/22/2011,7.7,17.5,-0.000179013,0.000100231,713.61114,409.4829227,8.050986012,2.975208733,0.989116956,1050.149929
2/22/2011,6.8,30,-0.000292398,3.45E-05,719.1672618,400.9275963,8.09876379,3.079684357,0.964672505,1050.415797
3/22/2011,12.6,22,-0.000493546,3.89E-05,724.7229599,392.3720141,8.146541568,3.18413666,0.94022806,1050.653529
4/22/2011,13.9,45,-0.000727316,2.49E-05,734,381,8.21,3.37,0.91,1050.763687
5/22/2011,18.6,25,-0.000633274,8.81E-06,735.8341159,375.2609057,8.242097123,3.393028029,0.891339171,1050.675974
6/22/2011,25.6,0,-0.00025779,1.72E-06,770.8756604,454.424326,7.906402962,3.413081318,0.998120931,1050.419385
7/22/2011,29.4,0,-0.000146643,5.24E-07,801.545749,491.6489394,7.723735268,3.442070164,1.052621885,1050.277566
8/22/2011,27,0,-8.86E-05,9.68E-06,831.1157128,533.7585844,7.541732367,3.473311206,1.104434305,1049.813753
9/22/2011,26.4,0,-5.66E-05,6.52E-07,880,589,7.3,3.53,1.156108467,1049.57838
10/22/2011,25.2,1,-3.49E-05,2.87E-05,889.6322493,616.9061356,7.177732354,3.537071696,1.22,1049.494951
11/22/2011,15.1,25.5,-0.000165589,4.79E-05,878.9600117,582.5236741,7.457085442,3.527899378,1.259442205,1049.543472
12/22/2011,10.1,3,-6.92E-05,2.38E-05,874.1955067,584.4692574,7.552333185,3.523094336,1.174614463,1049.669668
1/22/2012,5.8,32.5,-4.03E-05,3.21E-05,870.9177474,582.1833506,7.646781119,3.51939006,1.144166391,1049.808518
2/22/2012,4.9,25.5,-0.000231231,3.91E-05,868.0141437,580.3903276,7.741225579,3.515963231,1.116514786,1049.904624
3/22/2012,9.4,42,-0.000483261,2.45E-05,865.2047005,578.5398936,7.835670024,3.512606332,1.08900699,1050.019273
4/22/2012,14.4,21.3,-0.000752144,2.29E-05,862.4189538,576.6961468,7.930114468,3.509267059,1.061506589,1050.108644
5/22/2012,16.1,12.7,-0.000524941,1.11E-05,859.6391705,574.8516211,8.024558913,3.505932229,1.034006569,1050.059833
6/22/2012,19.4,0,-0.000305497,1.45E-06,855,572.4,8.15,3.5,1,1049.877893
7/22/2012,20.6,0,-0.000179049,1.37E-06,854.0829833,571.1627406,8.213447801,3.49926509,0.979006567,1049.381333
8/22/2012,22.3,0,-0.000158227,5.35E-07,883.9503731,599.8275546,7.950009827,3.383323735,0.843747823,1048.966646
9/22/2012,22,14,-0.000275401,3.08E-07,925.2,619.2,7.79,3.2,0.73,1048.854738
10/22/2012,19.1,0,-4.56E-05,1.53E-05,932.7875631,629.6830233,7.709383982,3.178293002,0.661300709,1048.845594
11/22/2012,8.7,153,-0.000200088,4.27E-05,933.5318404,598.0799054,7.74143764,3.292898981,0.868229762,1048.925363
12/22/2012,4.5,3,-0.000122104,3.87E-05,937.5730921,589.057975,7.712813504,3.384945606,0.956865019,1049.272587
1/22/2013,8.1,13,-0.000121202,2.28E-05,942.4440635,577.4057881,7.683925766,3.471306171,1.039417031,1049.509048
2/22/2013,4,48.5,-0.000184534,1.86E-05,947.5238429,566.0599735,7.655036882,3.556233571,1.121656212,1049.705211
3/22/2013,6.8,2,-0.000555687,1.97E-05,952.6561711,554.6784727,7.626147993,3.640799744,1.203879307,1049.919218
4/22/2013,7,67.3,-0.00086589,1.63E-05,957.8017238,543.3011285,7.597259104,3.72527487,1.286101574,1049.978369
5/22/2013,7.9,16,-0.000775312,8.98E-06,962.9506046,531.9233003,7.568370215,3.809727048,1.368323798,1049.965757
6/22/2013,16.8,5,-0.000474817,1.52E-06,971.55,516.8,7.53,3.96,1.47,1049.846267
7/22/2013,21.6,9,-0.000300048,1.06E-08,973.2502521,509.1677499,7.510592437,3.978618377,1.532768243,1049.608189
8/22/2013,24.4,0,-0.000188504,4.25E-07,1035.57783,658.1724793,7.600843162,3.958868189,1.611159043,1049.335623
9/22/2013,22.3,0,-0.000102617,1.77E-08,1089.428539,730.4976655,7.643550605,3.950150421,1.69107629,1049.093225
10/22/2013,22,0.5,-8.88E-05,7.77E-06,1175.55,838.1,7.7,3.94,1.79,1048.95511
11/22/2013,21.86883499,54.5,-0.000137621,4.80E-05,1192.326496,891.9709455,7.728551511,3.938977177,1.851071816,1049.129837
12/22/2013,12.0264014,40.5,-0.000117629,2.83E-05,1122.1312,737.357456,7.759726956,3.87650421,1.738953357,1049.348917
1/22/2014,3.8,10.5,-0.000121454,1.52E-05,1069.876485,695.060964,7.795421524,3.820154908,1.703375317,1049.558291
2/22/2014,7.6,44,-0.000373449,6.61E-06,1022.136714,639.6817899,7.831135724,3.765349069,1.67173336,1049.885595
3/22/2014,9.9,28,-0.000562796,2.71E-05,975.5331784,585.8264863,7.866850009,3.710932257,1.640293815,1050.077573
4/22/2014,15.3,10.5,-0.000520394,2.28E-05,929.2155883,531.7936824,7.902564295,3.6566135,1.608864679,1049.999239
5/22/2014,16.8,8.3,-0.00035988,7.33E-06,852,460,7.95,3.56,1.57,1049.888194
6/22/2014,24,2,-0.000288139,1.53E-06,836.7424409,423.7670167,7.973992866,3.548031644,1.546007506,1049.739588
7/22/2014,27.6,0,-0.000203985,5.92E-07,845.666153,470.7164742,7.983481867,3.680131052,1.453002509,1049.34846
8/22/2014,28,0,-0.000126146,1.42E-07,846.4152246,469.3947277,8.003436204,3.792495678,1.384529694,1048.844084
9/22/2014,26.5,0,-8.30E-05,3.19E-08,845.1070585,473.6956104,8.023436006,3.899886174,1.317318444,1048.476627
10/22/2014,21,0,-6.84E-05,1.10E-05,843.2811661,477.3415693,8.043436005,4.006022946,1.25017207,1048.212131
11/22/2014,13.5,24,-0.000144081,4.36E-05,841.3249822,481.0638137,8.063436005,4.111843719,1.183029032,1048.222357
12/22/2014,7.5,46,-8.69E-05,2.21E-05,838,486,8.09,4.3,1.1,1048.402309
1/22/2015,2,2,-0.000117593,1.61E-05,837.338784,488.4915661,8.103436005,4.323305896,1.048743308,1048.577739
2/22/2015,5.7,11.5,-0.000211094,3.96E-05,841.5747709,482.5616933,8.086720607,4.277916376,1.073226172,1048.724434
3/22/2015,8.7,11.5,-0.000464063,3.16E-05,844.8858205,481.2427409,8.084656678,4.248525173,1.061205149,1048.703765
4/22/2015,16.34,9.6,-0.000606497,8.12E-06,847.9640995,479.3867085,8.082656401,4.223166326,1.047306917,1048.659616
5/22/2015,19.27,9.5,-0.0003597,5.19E-06,853,477,8.08,4.18,1.03,1048.292081
6/22/2015,22.98,19,-0.00023022,4.39E-07,853.988757,475.7924749,8.078656399,4.174737505,1.01931242,1047.868102
7/22/2015,22.76,4,-0.000154329,1.87E-06,851.2223627,484.7922579,8.08625247,4.239831386,0.97988137,1047.381323
8/22/2015,20.21,0,-0.000110773,2.62E-07,849.3101184,488.6285632,8.090019178,4.295505659,0.950582098,1047.12158
9/22/2015,18.57600592,0,-6.86E-05,2.93E-06,847.6128302,493.0663104,8.093769251,4.348805731,0.921803852,1046.785344
10/22/2015,13.73,8.3,-5.99E-05,2.39E-05,845.9696381,497.4340016,8.097519251,4.401507388,0.893052399,1046.566072
11/22/2015,5.87,9,-0.000129718,4.04E-05,844.3400599,501.8098529,8.101269251,4.454058216,0.864302325,1046.547278
12/22/2015,3.08,32.9,-0.000118387,2.74E-05,842.7139077,506.1847538,8.105019251,4.506571027,0.835552321,1046.767147
1/22/2016,1.76,3,-0.000112072,3.39E-05,840,512,8.11,4.6,0.8,1046.927466
2/22/2016,3.7,19,-0.000256744,1.89E-05,839.4635448,514.934764,8.112519251,4.61157507,0.778052321,1046.932383
3/22/2016,2.67,27,-0.000452984,3.70E-05,840.6132298,503.6130422,8.120024235,4.55632107,0.86783694,1046.994628
4/22/2016,9.95,37.2,-0.000725079,2.46E-05,841.351564,499.7959883,8.126030773,4.512476317,0.910397108,1047.046875
5/22/2016,14.99,1.5,-0.000307843,6.93E-06,841.9863774,495.1047907,8.132030801,4.471507252,0.950528764,1046.693172
6/22/2016,21.21,0,-0.000190741,3.86E-07,843,489,8.14,4.4,1,1046.238396
7/22/2016,22.77,9.5,-0.00011716,1.38E-07,843.1973434,485.9141761,8.144030802,4.391201436,1.030535883,1045.796117
8/22/2016,22.77,0,-8.53E-05,1.20E-07,821.4339967,465.7487687,8.134454572,4.355068954,1.010191004,1045.156719
9/22/2016,18.54,8.5,-4.86E-05,6.45E-07,802.985802,453.0251552,8.131094118,4.318536928,1.013887646,1044.981929
10/22/2016,14.36,5.4,-8.93E-05,3.72E-06,785.3719017,439.4347217,8.127760666,4.281904197,1.018820621,1044.968374
11/22/2016,7.31,47.7,-0.000230401,1.16E-05,767.9679606,425.9452554,8.124427333,4.245246084,1.023817175,1045.08278
12/22/2016,2.59,43.5,-8.80E-05,4.06E-05,739,408,8.12,4.18,1.03,1045.261665
1/22/2017,1.7,15,-0.000154871,3.58E-05,733.2790529,398.9441714,8.117760666,4.17191545,1.033816988,1045.458687
2/22/2017,1.02,13,-0.00031903,4.11E-05,745.0426074,411.3867406,8.225686116,4.216792642,1.044564121,1045.728213
3/22/2017,7.43,10,-0.000489865,4.08E-05,752.4930689,411.4260703,8.289213171,4.253035592,1.053021583,1045.838752
4/22/2017,8.41,54,-0.000770729,3.17E-05,758.8580934,412.9101292,8.352547345,4.287102291,1.0613613,1045.895121
5/22/2017,15.15,10.5,-0.000498129,1.32E-05,764.9499558,414.225906,8.415880682,4.320620468,1.069694962,1045.86169
6/22/2017,18.54,0,-0.000262265,5.67E-08,775,416,8.5,4.38,1.08,1045.783878
7/22/2017,21.39,0,-0.000162593,4.67E-06,776.9788919,416.8943794,8.542547349,4.387345468,1.086361646,1045.374602
8/22/2017,21.38,0,-0.000105468,3.54E-08,755.794498,407.8507062,8.400051934,4.167507918,1.266534258,1045.413861
9/22/2017,19.77,0,-6.06E-05,3.83E-07,738.6394564,403.7683052,8.339693549,3.974475104,1.378245726,1045.5493
10/22/2017,13.5,0,-3.63E-05,5.55E-06,722.4984454,399.1080152,8.279691992,3.788198394,1.486436588,1045.337475
11/22/2017,8.91,3.3,-5.77E-05,9.61E-06,696,393,8.2,3.46,1.62,1045.321426
12/22/2017,-0.2,12.3,-9.12E-05,8.17E-06,690.7910289,389.9142198,8.159691985,3.419479916,1.702446908,1045.38305
1/22/2018,1.31,46,-0.000107922,2.68E-05,697.7028283,393.7966662,8.102473455,3.390570685,1.673090454,1045.44521
2/22/2018,-0.32,51.5,-0.000194638,5.41E-05,701.2507442,393.6235589,8.044144964,3.345263296,1.698457096,1045.498894
3/22/2018,4.06,15,-0.000511264,1.75E-05,703.9521021,393.9228425,7.985811652,3.295822771,1.726637868,1045.7492
4/22/2018,8.86,41.7,-0.00079451,2.18E-05,706.4404145,394.1671019,7.927478319,3.245340493,1.754963356,1046.096308
5/22/2018,14.61,36.4,-0.000760588,2.43E-05,708.8751116,394.4177706,7.869144985,3.194595643,1.783296286,1045.983049
6/22/2018,19.6,0,-0.000380305,6.18E-06,711.2963158,394.6676927,7.810811652,3.143784612,1.811629598,1045.721
7/22/2018,21.61,10.5,-0.000242417,1.06E-08,713.7141244,394.9177018,7.752478319,3.0929569,1.839962931,1045.569567
8/22/2018,22.83,0,-0.000126254,7.09E-09,716.1310784,395.1677007,7.694144985,3.042124983,1.868296264,1045.291992
9/22/2018,20.31,0,-7.22E-05,1.54E-06,718.5478174,395.4177008,7.635811652,2.991292007,1.896629597,1045.06918
10/22/2018,12.56,6,-0.000131775,1.47E-05,720.9645023,395.6677008,7.577478319,2.940458764,1.92496293,1044.956725
11/22/2018,10.92,0,-2.60E-05,4.20E-05,725,396,7.5,2.85,1.96,1044.691382
12/22/2018,1.88,0,-2.13E-05,3.09E-05,725.7978413,396.1677008,7.460811652,2.838792125,1.981629597,1044.653266
1/22/2019,-1.57,6.5,-4.26E-05,4.04E-05,727.6949009,420.9653001,7.523670922,2.753982242,1.951260072,1044.957649
2/22/2019,0.59,39.6,-0.000197345,3.89E-05,729.6689948,434.0265902,7.538167654,2.672769917,1.944277893,1045.334471
3/22/2019,4.29,22.7,-0.000561966,4.46E-05,731.6624753,448.4549254,7.552454285,2.592464352,1.938498406,1045.445763
4/22/2019,9.96,37.7,-0.000465759,3.11E-05,733.6608346,462.7240272,7.566740004,2.512387334,1.932780767,1045.545793
5/22/2019,21.8,42.5,-0.000728832,7.90E-06,735.6604217,477.0116765,7.581025718,2.432367922,1.927066309,1045.553556
6/22/2019,29.19,20,-0.000341187,1.01E-06,739,496,7.6,2.29,1.92,1045.424364
7/22/2019,31.86,0,-0.00015184,3.33E-07,739.6602916,505.582906,7.609597146,2.272361796,1.915637728,1045.228327
8/22/2019,29.75,0,-8.78E-05,1.17E-07,756.0905242,494.8837833,7.600041693,2.422015234,1.737509451,1044.216686
9/22/2019,24.05,0.3,-5.30E-05,5.60E-07,770.3814021,496.1300169,7.600000181,2.547352346,1.628071284,1043.993938
10/22/2019,15.81,2.5,-6.23E-05,3.39E-05,784.1338879,495.9848556,7.600000001,2.666560556,1.522165498,1044.050831
11/22/2019,2.69,56.5,-0.000131667,2.29E-05,797.7508816,496.001764,7.6,2.784223982,1.416441365,1044.299207
12/22/2019,-0.15,48.5,-0.000171615,4.84E-05,811.3337771,496,7.6,2.901498049,1.310726573,1044.652544
1/22/2020,-3.22,44,-0.000144406,2.31E-05,834,496.0000239,7.6,3.11,1.18,1044.860666
2/22/2020,0.43,27,-0.000319355,3.43E-05,838.4802462,491.6276513,7.6,3.135825169,1.099297974,1045.436321
3/22/2020,6.12,32,-0.000483405,3.67E-05,845.1039646,489.3457452,7.586648946,3.188733644,1.041366994,1045.589414
4/22/2020,9.71,126,-0.000824895,6.94E-05,852.7576083,486.8203416,7.578625699,3.248442136,0.964399041,1046.302645
5/22/2020,18.77,10,-0.000801547,1.36E-05,860.6704439,484.3233006,7.570625598,3.309864564,0.886452114,1046.502367
6/22/2020,27.4,2,-0.000513899,8.15E-08,874,481,7.56,3.42,0.79,1046.32741
7/22/2020,30.14,0,-0.000280778,1.07E-06,876.6429877,479.3229961,7.554625598,3.433682295,0.730454984,1046.009805
8/22/2020,28.13,0,-0.000157469,1.81E-07,894.6180601,496.4985482,7.534943426,3.474413433,0.905472523,1045.093796
9/22/2020,22.78,0,-8.44E-05,6.84E-07,911.1151087,504.26714,7.519923085,3.517402533,0.97968732,1044.66
10/22/2020,22,6,-9.38E-05,8.36E-06,927.2401964,513.1314544,7.504922997,3.560960748,1.048718346,1044.884267
11/22/2020,12.8,122,-0.00019619,4.19E-05,943.271676,521.8681391,7.489922996,3.60466241,1.117482798,1045.60831
12/22/2020,6.9,23,-0.000140003,3.77E-05,959.2795983,530.61969,7.474922996,3.648400226,1.186233541,1046.298265
1/22/2021,6.7,31,-9.51E-05,1.18E-05,975.281592,539.3695094,7.459922996,3.692147155,1.254983579,1046.664352
2/22/2021,3.4,20.5,-0.000250284,2.69E-05,1002,551,7.44,3.77,1.34,1046.914226
3/22/2021,10.3,87.5,-0.000529596,1.77E-05,1007.28222,556.869528,7.429922996,3.779646186,1.392483581,1047.44762
4/22/2021,9.4,162.5,-0.000763475,4.65E-06,966.9568119,553.6276408,7.45386357,3.502560419,1.336951829,1048.172637
5/22/2021,20.6,29.2,-0.001108646,1.55E-05,934.981926,556.1191245,7.462264706,3.25944592,1.330934198,1048.387528
6/22/2021,29.6,0,-0.000705123,1.42E-08,905.1085402,557.9427853,7.470598334,3.024893841,1.327462825,1048.455968
7/22/2021,31,0,-0.000373196,1.59E-07,875.76402,559.8442341,7.478931669,2.792499909,1.324122393,1048.088755
8/22/2021,29.9,0,-0.00021113,1.81E-07,827,562.36,7.49,2.38,1.32,1047.772135
9/22/2021,26.5,0,-0.000112757,2.48E-08,1102,606.1,7.24,4.5,1.54,1047.636612
10/22/2021,23.2,6,-0.00011218,4.44E-06,1167.518549,638.7106273,7.072803884,4.836739528,1.699179922,1048.06
11/22/2021,17.5,0,-6.90E-05,3.47E-05,1075.910346,569.4589504,7.258346584,4.34856443,1.412717674,1048.87
12/22/2021,6.1,0,-0.000105648,2.49E-05,1027.305706,556.5594856,7.27053156,4.073793226,1.323455483,1048.61
1/22/2022,4.6,6.5,-0.00011716,2.45E-05,989.5233834,537.0961159,7.281963417,3.852810227,1.244334283,1048.89
2/22/2022,8.8,39.6,-0.00036302,2.21E-05,954.464615,518.3973097,7.293392003,3.645384483,1.165734583,1048.99
3/22/2022,8.4,22.7,-0.000592424,2.69E-05,920.0912587,499.6094473,7.304820574,3.441375829,1.0871617,1049.15
4/22/2022,16.8,37.7,-0.000711546,9.26E-06,863,474.65,7.32,3.08,0.99,1049.83
5/22/2022,23.3,42.5,-0.000478967,9.77E-06,851.7329386,462.0532606,7.327677717,3.035298153,0.930018764,1049.58
6/22/2022,29.9,20,-0.000332707,2.41E-07,906.7733027,512.0688825,7.276225209,3.297346602,1.221829535,1049.37
7/22/2022,30.8,0,-0.00019868,4.50E-07,948.5939847,529.1937053,7.249865721,3.510181025,1.36607923,1047.14
8/22/2022,30.5,0,-0.00012611,2.48E-08,987.0877892,550.1496479,7.223615246,3.710611109,1.502740613,1046.47
9/22/2022,28.3,0.3,-8.20E-05,1.06E-07,1024.744349,570.6593417,7.197365243,3.907914695,1.639011769,1045.72
